Brand (الشركة),Series (السلسلة),Device/Generations (الجهاز/الجيل),Release Year (سنة الإصدار),Key Specs (المواصفات الأساسية)
Apple,iPhone XS/XR Series,iPhone XS,2018,"A12 Bionic, Dual 12MP Camera, OLED Display"
Apple,iPhone XS/XR Series,iPhone XS Max,2018,"A12 Bionic, Dual 12MP Camera, Large OLED Display"
Apple,iPhone XS/XR Series,iPhone XR,2018,"A12 Bionic, Single 12MP Camera, Liquid Retina LCD"
Apple,iPhone 11 Series,iPhone 11,2019,"A13 Bionic, Dual 12MP Camera, 6.1"" LCD"
Apple,iPhone 11 Series,iPhone 11 Pro,2019,"A13 Bionic, Triple 12MP Camera, Super Retina XDR OLED"
Apple,iPhone 11 Series,iPhone 11 Pro Max,2019,"A13 Bionic, Triple 12MP Camera, 6.5"" OLED"
Apple,iPhone SE Series,iPhone SE (2nd generation),2020,"A13 Bionic, Single 12MP Camera, Compact 4.7"" Design"
Apple,iPhone 12 Series,iPhone 12 mini,2020,"A14 Bionic, Dual 12MP Camera, 5.4"" OLED, 5G"
Apple,iPhone 12 Series,iPhone 12,2020,"A14 Bionic, Dual 12MP Camera, 6.1"" OLED, 5G"
Apple,iPhone 12 Series,iPhone 12 Pro,2020,"A14 Bionic, Triple 12MP Camera with LiDAR, 5G"
Apple,iPhone 12 Series,iPhone 12 Pro Max,2020,"A14 Bionic, Triple 12MP, Sensor-shift OIS, 5G"
Apple,iPhone 13 Series,iPhone 13 mini,2021,"A15 Bionic, Dual 12MP Camera, Smaller Notch, 5G"
Apple,iPhone 13 Series,iPhone 13,2021,"A15 Bionic, Dual 12MP Camera, Improved Battery, 5G"
Apple,iPhone 13 Series,iPhone 13 Pro,2021,"A15 Bionic, ProMotion 120Hz OLED, Triple Camera, 5G"
Apple,iPhone 13 Series,iPhone 13 Pro Max,2021,"A15 Bionic, 120Hz ProMotion, Class-leading Battery, 5G"
Apple,iPhone SE Series,iPhone SE (3rd generation),2022,"A15 Bionic, Single 12MP Camera, 5G Support"
Apple,iPhone 14 Series,iPhone 14,2022,"A15 Bionic (6-core GPU), Dual 12MP Camera, Action Mode"
Apple,iPhone 14 Series,iPhone 14 Plus,2022,"A15 Bionic, Large 6.7"" Display, Long Battery Life"
Apple,iPhone 14 Series,iPhone 14 Pro,2022,"A16 Bionic, Dynamic Island, 48MP Main Camera, Always-On"
Apple,iPhone 14 Series,iPhone 14 Pro Max,2022,"A16 Bionic, Dynamic Island, 48MP Camera, 6.7"" Display"
Apple,iPhone 15 Series,iPhone 15,2023,"A16 Bionic, Dynamic Island, 48MP Camera, USB-C"
Apple,iPhone 15 Series,iPhone 15 Plus,2023,"A16 Bionic, Dynamic Island, USB-C, Large Battery"
Apple,iPhone 15 Series,iPhone 15 Pro,2023,"A17 Pro (3nm), Titanium Design, Action Button, USB-C 3"
Apple,iPhone 15 Series,iPhone 15 Pro Max,2023,"A17 Pro, Titanium Design, 5x Tetraprism Telephoto, USB-C"
Apple,iPhone 16 Series,iPhone 16,2024,"A18 Chip, Camera Control Button, Apple Intelligence"
Apple,iPhone 16 Series,iPhone 16 Plus,2024,"A18 Chip, Camera Control, Apple Intelligence, Large Screen"
Apple,iPhone 16 Series,iPhone 16 Pro,2024,"A18 Pro, 48MP Ultra Wide, Camera Control, Titanium"
Apple,iPhone 16 Series,iPhone 16 Pro Max,2024,"A18 Pro, 6.9"" Display, 5x Telephoto, Ultimate Battery"
Apple,iPhone SE Series,iPhone SE 4,2025,"A18 Chip, Modern OLED Design, Face ID, Apple Intelligence"
Apple,iPhone 17 Series,iPhone 17,2025,"A19 Chip, 120Hz ProMotion Display, Slimmer Design"
Apple,iPhone 17 Series,iPhone 17 Pro,2025,"A19 Pro, 48MP Triple Cameras, Enhanced Neural Engine"
Apple,iPhone 17 Series,iPhone 17 Pro Max,2025,"A19 Pro, Peak Apple Intelligence Performance, Pro Cameras"
Apple,iPhone 17 Series,iPhone 17 Slim / Air,2025,"A19 Chip, Ultra-thin Revolutionary Chassis, OLED"
Apple,iPhone 18 Series,iPhone 18 Pro Max,2026,"A20 Ultra Chip, Next-Gen AI Integration, Advanced Optics"
Samsung,Galaxy S Series,Galaxy S9 / S9+,2018,"Exynos 9810 / Snapdragon 845, Variable Aperture Camera"
Samsung,Galaxy Note Series,Galaxy Note 9,2018,"Exynos 9810, Bluetooth S-Pen, 4000mAh Battery"
Samsung,Galaxy S Series,Galaxy S10 / S10+ / S10e,2019,"Exynos 9820, Dynamic AMOLED, Punch-hole Display"
Samsung,Galaxy Note Series,Galaxy Note 10 / Note 10+,2019,"Exynos 9825, Centered Punch-hole, S-Pen Gestures"
Samsung,Galaxy Foldable Series,Galaxy Fold,2019,"Snapdragon 855, First Gen Inward Folding Smartphone"
Samsung,Galaxy S Series,Galaxy S20 / S20+ / S20 Ultra,2020,"Exynos 990 / Snapdragon 865, 120Hz, 108MP Camera"
Samsung,Galaxy Note Series,Galaxy Note 20 / Note 20 Ultra,2020,"Exynos 990 / Snapdragon 865+, Ultra-low latency S-Pen"
Samsung,Galaxy Foldable Series,Galaxy Z Flip,2020,"Snapdragon 855+, Compact Clamshell Foldable"
Samsung,Galaxy Foldable Series,Galaxy Z Fold2,2020,"Snapdragon 865+, Larger Cover Screen, Flex Mode"
Samsung,Galaxy S Series,Galaxy S21 / S21+ / S21 Ultra,2021,"Exynos 2100 / SD 888, Contour Cut Camera, S-Pen Support Ultra"
Samsung,Galaxy Foldable Series,Galaxy Z Fold3 / Z Flip3,2021,"Snapdragon 888, Water Resistance (IPX8), Under Display Camera"
Samsung,Galaxy A Series,Galaxy A52 / A52s 5G / A72,2021,"Snapdragon Mid-range chips, High Refresh Rate, OIS Cameras"
Samsung,Galaxy S Series,Galaxy S22 / S22+ / S22 Ultra,2022,"Exynos 2200 / SD 8 Gen 1, Built-in S-Pen in Ultra model"
Samsung,Galaxy Foldable Series,Galaxy Z Fold4 / Z Flip4,2022,"Snapdragon 8+ Gen 1, Narrower Bezels, Improved Cameras"
Samsung,Galaxy A Series,Galaxy A53 5G / A33 5G,2022,"Exynos 1280, 120Hz/90Hz AMOLED, Solid Battery"
Samsung,Galaxy S Series,Galaxy S23 / S23+ / S23 Ultra,2023,"Snapdragon 8 Gen 2 for Galaxy globally, 200MP Camera Ultra"
Samsung,Galaxy Foldable Series,Galaxy Z Fold5 / Z Flip5,2023,"Snapdragon 8 Gen 2, Zero-gap Flex Hinge, Large Flip Cover Screen"
Samsung,Galaxy A Series,Galaxy A54 5G / A34 5G,2023,"Exynos 1380, Premium Glass Back Design, Bright Displays"
Samsung,Galaxy S Series,Galaxy S24 / S24+ / S24 Ultra,2024,"Snapdragon 8 Gen 3 / Exynos 2400, Galaxy AI, Titanium Ultra"
Samsung,Galaxy Foldable Series,Galaxy Z Fold6 / Z Flip6,2024,"Snapdragon 8 Gen 3, Boxier Design, Upgraded 50MP on Flip"
Samsung,Galaxy A Series,Galaxy A55 5G / A35 5G,2024,"Exynos 1480 with AMD GPU, Metal Frame on A55, Knox Vault"
Samsung,Galaxy S Series,Galaxy S25 / S25+ / S25 Ultra,2025,"Snapdragon 8 Elite globally, Thinner Bezels, Ultra Ergonomics, Galaxy AI v2"
Samsung,Galaxy Foldable Series,Galaxy Z Fold7 / Z Flip7,2025,"Snapdragon 8 Elite, Next-gen thin hinges, Tri-fold variations"
Samsung,Galaxy A Series,Galaxy A56 5G,2025,"Exynos 1580, On-device AI features, Upgraded Selfie Camera"
Samsung,Galaxy S Series,Galaxy S26 / S26+ / S26 Ultra,2026,"Snapdragon 8 Gen 5 / Exynos 2600, 320MP Camera, Advanced AI Capabilities"
Xiaomi,Mi / Xiaomi Series,Mi 8 / Mi 8 Pro,2018,"Snapdragon 845, Dual Camera, First Xiaomi transparent back"
Xiaomi,Poco Series,Pocophone F1,2018,"Snapdragon 845, Legendary performance champion at budget price"
Xiaomi,Redmi Note Series,Redmi Note 7 / 7 Pro,2019,"Snapdragon 660 / 675, 48MP Camera Revolutionized Mid-range"
Xiaomi,Mi / Xiaomi Series,Mi 9 / Mi 9 T Pro,2019,"Snapdragon 855, Triple Camera, Pop-up front camera on T"
Xiaomi,Mi / Xiaomi Series,Mi 10 / Mi 10 Pro / Ultra,2020,"Snapdragon 865, 108MP Camera, 120W Charging on Ultra"
Xiaomi,Redmi Note Series,Redmi Note 9 / 9 Pro,2020,"Helio G85 / Snapdragon 720G, Massive 5020mAh Battery"
Xiaomi,Poco Series,Poco X3 NFC / Poco F2 Pro,2020,Snapdragon 732G (120Hz LCD) / Snapdragon 865 Flagship Killer
Xiaomi,Xiaomi Series,Mi 11 / 11 Ultra,2021,"Snapdragon 888, 2K AMOLED, Giant Camera Sensor & Rear Display Ultra"
Xiaomi,Redmi Note Series,Redmi Note 10 / 10 Pro,2021,"Snapdragon 732G, First 120Hz AMOLED on Redmi Note, 108MP"
Xiaomi,Poco Series,Poco F3 / Poco X3 Pro,2021,"Snapdragon 870 / Snapdragon 860, Peak Value Gaming Devices"
Xiaomi,Xiaomi Series,Xiaomi 12 / 12 Pro / 12S Ultra,2022,"Snapdragon 8 Gen 1, First Leica Partnership on 12S Ultra"
Xiaomi,Redmi Note Series,Redmi Note 11 / 11 Pro 5G,2022,"Snapdragon 680 / Snapdragon 695, Flat Edge Design, 67W Charging"
Xiaomi,Xiaomi Series,Xiaomi 13 / 13 Pro / 13 Ultra,2023,"Snapdragon 8 Gen 2, 1-inch Leica Main Sensor, Quad Camera Ultra"
Xiaomi,Redmi Note Series,Redmi Note 12 / 12 Pro / 12 Pro+,2023,"Dimensity 1080, 200MP Camera with OIS on Pro+ model"
Xiaomi,Poco Series,Poco F5 / Poco F5 Pro,2023,"Snapdragon 7+ Gen 2 / Snapdragon 8+ Gen 1, WQHD+ Displays"
Xiaomi,Xiaomi Series,Xiaomi 14 / 14 Pro / 14 Ultra,2024,"Snapdragon 8 Gen 3, Leica Summilux Optics, Xiaomi HyperOS"
Xiaomi,Redmi Note Series,Redmi Note 13 / 13 Pro / 13 Pro+,2024,"Dimensity 7200-Ultra, IP68 Waterproofing on Pro+, Curved AMOLED"
Xiaomi,Poco Series,Poco X6 Pro / Poco F6 Pro,2024,"Dimensity 8300-Ultra / Snapdragon 8 Gen 2, High Performance Gaming"
Xiaomi,Xiaomi Series,Xiaomi 15 / 15 Pro / 15 Ultra,2025,"Snapdragon 8 Elite, Ultra-sonic fingerprint, Upgraded Leica Cameras"
Xiaomi,Redmi Note Series,Redmi Note 14 Pro / Pro+,2025,"Dimensity 7300 Ultra, Highly Durable Anti-drop Structure, 6200mAh"
Xiaomi,Xiaomi Series,Xiaomi 16 / 16 Ultra,2026,"Snapdragon 8 Gen 5, Liquid Lens Camera Technology, Sat-Com support"
Honor,X Series,Honor 8X / 9X,2018,"Kirin 710, Large Bezel-less Display, Sleek Glass Body"
Honor,Digital Series,Honor 10 / 20 Pro,2019,"Kirin 970 / Kirin 980, Aurora Gradient Design, Excellent Night Mode"
Honor,X Series,Honor 10X Lite,2020,"Kirin 710A, Budget Focus, Massive Battery"
Honor,Digital Series,Honor 50 / 50 Pro,2021,"Snapdragon 778G, Official Return of Google Mobile Services (GMS)"
Honor,Magic Series,Honor Magic3 / Magic3 Pro Ultra,2021,"Snapdragon 888+, Eye of Muse Circular Camera Module"
Honor,Digital Series,Honor 70 / 70 Pro,2022,"Snapdragon 778G+ / Dimensity 8000, Solo Cut Vlog Mode"
Honor,Magic Series,Honor Magic4 Pro / Ultimate,2022,"Snapdragon 8 Gen 1, 100W Wireless Charging, Top DXOMARK Camera"
Honor,Digital Series,Honor 90 / 90 Pro,2023,"Snapdragon 7 Gen 1 (Accelerated), 200MP Main Camera, 3840Hz PWM"
Honor,Magic Series,Honor Magic5 Pro,2023,"Snapdragon 8 Gen 2, Falcon Capture Camera Tech, Falcon Wing Hinge"
Honor,Foldable Series,Honor Magic V2,2023,"Snapdragon 8 Gen 2, Break-through thinnest folding phone (<10mm)"
Honor,Digital Series,Honor 200 / 200 Pro,2024,"Snapdragon 8s Gen 3 on Pro, Studio Harcourt Paris Portrait Mode"
Honor,Magic Series,Honor Magic6 Pro,2024,"Snapdragon 8 Gen 3, Telephoto 180MP Camera, Intent-based AI Engine"
Honor,Foldable Series,Honor Magic V3,2024,"Snapdragon 8 Gen 3, Pushed limits even further to 9.2mm thickness"
Honor,Digital Series,Honor 300 / 300 Pro,2025,"Snapdragon 8 Gen 2 / 8s Gen 3, Ultra-slim aesthetic, Upgraded Portraits"
Honor,Magic Series,Honor Magic7 Pro,2025,"Snapdragon 8 Elite, AI Agent integration, Defocus Eye Protection Screen"
Honor,Magic Series,Honor Magic8 Ultra,2026,"Snapdragon 8 Gen 5, Advanced Quantum-Dot Display, 3D Spatial Audio Capture"
Realme,Early Series,Realme 1 / Realme 2 Pro,2018,"Helio P60 / Snapdragon 660, Diamond-cut Back, Oppo Sub-brand origin"
Realme,Number Series,Realme 3 Pro / 5 Pro,2019,"Snapdragon 710 / 712, VOOC Flash Charge introduced to budget segment"
Realme,X / Flagship Series,Realme X2 Pro,2019,"Snapdragon 855+, First true flagship killer with 90Hz Display, 50W Sharging"
Realme,Number Series,Realme 6 Pro / 7 Pro,2020,90Hz Smooth Display / 65W SuperDart Charging AMOLED on 7 Pro
Realme,X Series,Realme X50 Pro 5G,2020,"Snapdragon 865, First 5G Flagship from Realme, Dual Front Camera"
Realme,GT Series,Realme GT / GT Neo,2021,"Snapdragon 888, Vegan Leather Racing Yellow Design, Performance focus"
Realme,Number Series,Realme 8 Pro,2021,"Snapdragon 720G, 108MP Infinite Clarity Camera, Tilt-shift Video"
Realme,C Series,Realme C21Y / C25,2021,"Unisoc T610 / Helio G70, High-reliability certified budget phones"
Realme,GT Series,Realme GT 2 Pro,2022,"Snapdragon 8 Gen 1, Paper-like bio-based polymer rear shell, 2K LTPO screen"
Realme,Number Series,Realme 9 Pro+ 5G,2022,"Dimensity 920, Sony IMX766 Flagship Sensor with OIS, Light Shift Design"
Realme,C Series,Realme C35,2022,"Unisoc T616, Ultra Slim Glowing Silk Design, FHD+ Screen"
Realme,GT Series,Realme GT 3 (240W),2023,"Snapdragon 8+ Gen 1, World's fastest 240W charging, Pulse Interface LED"
Realme,Number Series,Realme 11 Pro+,2023,"Dimensity 7050, Lychee Leather Design by Gucci designer, 200MP OIS"
Realme,C Series,Realme C55 / C53,2023,"Helio G88 / Unisoc T612, Introduced Mini Capsule (Dynamic Island mimic)"
Realme,GT Series,Realme GT 6,2024,"Snapdragon 8s Gen 3, AI-powered flagship killer, 6000 nits peak brightness"
Realme,Number Series,Realme 12 Pro+ 5G,2024,"Snapdragon 7s Gen 2, Luxury Watch design, Periscope Telephoto Camera"
Realme,C Series,Realme C65 / C67,2024,"Helio G85 / Snapdragon 685, 45W charging / 108MP Camera upgrades"
Realme,GT Series,Realme GT 7 Pro,2025,"Snapdragon 8 Elite, Underwater Photography mode, Eco2 OLED Plus Screen"
Realme,Number Series,Realme 13 Pro+ / 14 Pro,2025,"Snapdragon 7 Gen 3 family, Dual Sony LYTIA sensors, NEXT AI engine"
Realme,C Series,Realme C75 / C85,2025,"Helio G92 Ultra / Helio G99 Enhanced, Ultra-durable structures, 45W Charging"
Realme,GT Series,Realme GT 8 Pro,2026,"Snapdragon 8 Gen 5, Advanced AI Optimization, Graphene Cooling Tech v3"
Infinix,Hot Series,Infinix Hot 6 / Hot 6 Pro,2018,"Snapdragon 425, 4000 mAh, Dual Camera"
Infinix,Note Series,Infinix Note 5 / Note 5 Stylus,2018,"Android One, Helio P23, 4000 mAh, Stylus Pen"
Infinix,Smart Series,Infinix Smart 2 / Smart 2 Pro,2018,"Entry-level, 3060 mAh, Quad-core processor"
Infinix,Zero Series,Infinix Zero 6 / Zero 6 Pro,2019,"Snapdragon 636, 6GB RAM, Dual rear camera"
Infinix,S Series (Selfie),Infinix S4 / S5,2019,"32MP Selfie, Punch-hole display, Quad Camera"
Infinix,Hot Series,Infinix Hot 7 / Hot 8,2019,"5000 mAh battery, Triple Camera, MediaTek Helio P22"
Infinix,Note Series,Infinix Note 7 / Note 8,2020,"Helio G80/G80, 64MP Quad Camera, 5200 mAh"
Infinix,Hot Series,Infinix Hot 9 / Hot 10 / Hot 10 Play,2020,"Helio G70/G35, up to 6000 mAh, Large displays"
Infinix,Smart Series,Infinix Smart 4 / Smart 5,2020,"5000 mAh, Budget-focused, Android Go edition"
Infinix,Zero Series,Infinix Zero 8 / Zero 8i,2020,"Helio G90T, 90Hz Display, Dual Selfie Camera"
Infinix,Note Series,Infinix Note 10 / Note 10 Pro / Note 11,2021,"Helio G95/G96, 90Hz/OLED Display, 33W Fast Charge"
Infinix,Hot Series,Infinix Hot 11 / Hot 11s NFC,2021,"Helio G88, 90Hz FHD+ Screen, 50MP Camera"
Infinix,Zero Series,Infinix Zero X / Zero X Pro / Neo,2021,"108MP OIS Camera, 5X Periscope Zoom, 120Hz AMOLED"
Infinix,Zero Series,Infinix Zero 5G / Zero Ultra,2022,"Dimensity 920/9000, 200MP Camera, 180W Thunder Charge"
Infinix,Note Series,"Infinix Note 12 Series (G96, Turbo, Pro 5G)",2022,"AMOLED Displays, MediaTek Dimensity 810 5G, 108MP"
Infinix,Hot Series,Infinix Hot 12 / Hot 12i / Hot 20 5G,2022,"90Hz/120Hz refresh rates, Entry 5G models"
Infinix,Smart Series,Infinix Smart 6 / Smart 7,2022,"Antibacterial material, Up to 7GB Extended RAM"
Infinix,Note Series,Infinix Note 30 / Note 30 Pro / 30 5G,2023,"68W All-Round FastCharge, 15W Wireless, JBL Sound"
Infinix,Hot Series,Infinix Hot 30 / Hot 30i / Hot 40 Pro,2023,"Helio G99, Free Fire Special Edition, Punch-Hole Magic Ring"
Infinix,Zero Series,Infinix Zero 30 4G / Zero 30 5G,2023,"50MP 4K 60fps Selfie, 144Hz Curved AMOLED, Dimensity 8020"
Infinix,GT Series (Gaming),Infinix GT 10 Pro,2023,"Cyberpunk design, Dimensity 8050, Bypass Charging"
Infinix,Note Series,Infinix Note 40 / Note 40 Pro / Pro+ 5G,2024,"MagCharge (Wireless), Cheetah X1 Chip, 100W Charging"
Infinix,GT Series (Gaming),Infinix GT 20 Pro,2024,"Dimensity 8200 Ultimate, Dedicated Gaming Display Chip"
Infinix,Zero Series,Infinix Zero 40 4G / Zero 40 5G,2024,"GoPro Connectivity, 108MP OIS, 50MP Ultra-wide"
Infinix,Hot Series,Infinix Hot 50 / Hot 50 Pro+ 4G,2024,"Ultra-slim 6.8mm 3D Curved Design, Helio G100"
Infinix,Foldable Series,Infinix Zero Flip,2024,"First Flip Phone, 3.64-inch Cover Screen, Zero-gap hinge"
Infinix,Note Series,Infinix Note 50 / Note 50 Pro 5G,2025,"Dimensity 7300, 3D Curved OLED, Advanced AI Eraser"
Infinix,GT Series (Gaming),Infinix GT 30 Pro 5G,2025,"Mecha Design v2, Upgraded Cooling, Dimensity 8300"
Infinix,Smart Series,Infinix Smart 8 / Smart 9,2025,"Dynamic Island-like Magic Ring, Budget 120Hz"
Infinix,Note Series,Infinix Note 60 Pro+ 5G,2026,"All-Round FastCharge 3.0, AI Smart Assistant, Extreme Durability"
Infinix,Zero Series,Infinix Zero 50 Ultra 5G,2026,"Under-display Selfie Camera, 200W Charge, Next-gen Dimensity"
